{"SegmentedRR": [0.6061425590230505, 0.4581878261787182, 0.5294340848637715, 0.8051164991933565, 0.7374534218140303, 0.7429165545687705, 0.7642206417914188, 0.4906483191065995, 1.08149321870367, 0.8855787495555895, 0.7216203490967941, 0.7523394708816316, 0.5791074907588876, 0.7351193668089486, 0.6233723770864878, 0.7211346280924377, 0.7034677402395154, 0.7374404732020585, 0.6903387858342442, 0.53971448140158], "Hybrid": [0.8618583362188385, 0.956817062315823, 0.9990083028059427, 1.1334776334776335, 1.1448223156285822, 0.7856452392460127, 0.9039843239712607, 1.0, 1.1965978128797081, 1.3767244428723027, 0.778557045667815, 0.986398258977149, 0.874438461384193, 1.1340000000000001, 1.0472385898332164, 0.898027381378617, 1.2577475434618293, 1.0284641158529535, 1.0177242756034117, 0.8647412067486413]}