{"SegmentedRR": [0.7115661223453761, 1.1693633751701196, 1.0393983761480101, 0.5166300861050144, 0.6989247311827957, 0.5805482697351722, 0.7010433993648874, 1.1225875149740452, 0.5166300861050144, 0.5400658616904501, 0.5723545616593745, 0.7222709979514194, 0.8691678691678693, 0.5628983562562899, 0.8053892215568862, 0.6870958259847149, 0.699622641509434, 0.5454773869346734, 0.5818414322250639, 0.7915194346289753], "Hybrid": [0.8435146797529401, 1.103281415393921, 1.0919739118860643, 0.7166976194496033, 0.7972350230414748, 1.0748794314239785, 1.167246332980493, 1.0919739118860643, 0.8357251392875232, 0.6004390779363337, 0.8590179873602333, 1.1000877963125548, 1.055074555074555, 0.7296209325729621, 0.9491017964071856, 1.0620223398001176, 0.779622641509434, 0.7298994974874372, 0.7101449275362318, 0.8268551236749115]}