{"Segmented": [1.0, 1.0, 1.0, 1.0, 1.0, 1.0, 1.0, 1.0], "SegmentedRR": [1.9694260167291606, 0.3243626062322946, 1.0, 1.0, 1.0, 1.0, 1.3739544274588982, 0.3314037626628075], "Hybrid": [0.8040092298817421, 0.3243626062322946, 1.0, 1.0, 1.0, 1.0, 0.8012691087395443, 0.3314037626628075]}