{"SegmentedRR": [0.7115661223453761, 1.1693633751701196, 1.5341846758349706, 0.5166300861050144, 0.7913043478260869, 0.5805482697351722, 0.7010433993648874, 1.656974459724951, 0.5166300861050144, 0.6059113300492611, 0.5723545616593745, 0.7222709979514194, 0.9741239892183288, 0.5628983562562899, 0.9149659863945578, 0.6870958259847149, 0.699622641509434, 0.8470542333203278, 0.5818414322250639, 0.8818897637795277], "Hybrid": [0.8435146797529401, 1.103281415393921, 1.0023575638506876, 0.7166976194496033, 0.7617391304347826, 1.0748794314239785, 1.167246332980493, 1.0023575638506876, 0.8357251392875232, 0.5972906403940886, 0.8590179873602333, 1.1000877963125548, 0.706199460916442, 0.7296209325729621, 0.9489795918367347, 1.0620223398001176, 0.779622641509434, 0.7795552087397581, 0.7101449275362318, 0.7480314960629921]}