{"SegmentedRR": [0.6061425590230505, 0.4581878261787182, 0.34562349425092476, 0.8051164991933565, 0.5513670443469384, 0.7429165545687705, 0.7642206417914188, 0.31998584855271917, 1.08149321870367, 0.7135598557570217, 0.7216203490967941, 0.7523394708816316, 0.558811492930435, 0.7351193668089486, 0.4660728052983086, 0.7211346280924377, 0.7034677402395154, 0.6264013180530799, 0.6903387858342442, 0.3917927346470729], "Hybrid": [0.8618583362188385, 0.956817062315823, 0.7832686731071502, 1.1334776334776335, 1.0629067245119304, 0.7856452392460127, 0.9039843239712607, 0.7832686731071502, 1.1965978128797081, 1.2505411871938021, 0.778557045667815, 0.986398258977149, 1.1722144444212272, 1.1340000000000001, 0.8194622279129321, 0.898027381378617, 1.2577475434618293, 0.8736044482929625, 1.0177242756034117, 0.9095881329245048]}